Country,Code,Indicator,2010,2011,2012,2013,2014,2015,2016,2017,2018,2019
Aruba,ABW,GDP (current US$),2390502793.00,2549720670.00,2534636872.00,2701675978.00,2765363128.00,2919553073.00,2965921788.00,3056424581.00,3056424581.00,3056424581.00
Afghanistan,AFG,GDP (current US$),15856574731.00,17804292964.00,20001598506.00,20561069558.00,20484885120.00,19907111419.00,19362642267.00,20191760000.00,19484384937.00,19101353833.00
Angola,AGO,GDP (current US$),83799496611.00,112000000000.00,128000000000.00,137000000000.00,146000000000.00,116000000000.00,101000000000.00,122000000000.00,101000000000.00,94635415870.00
Albania,ALB,GDP (current US$),11926928506.00,12890765324.00,12319830252.00,12776217195.00,13228144008.00,11386846319.00,11861200797.00,13019693451.00,15147020535.00,15278077447.00
Andorra,AND,GDP (current US$),3449966857.00,3629203786.00,3188808943.00,3193704343.00,3271808157.00,2789870188.00,2896679212.00,3000180750.00,3218316013.00,3154057987.00
Arab World,ARB,GDP (current US$),2110000000000.00,2490000000000.00,2770000000000.00,2860000000000.00,2890000000000.00,2530000000000.00,2460000000000.00,2510000000000.00,2770000000000.00,2820000000000.00
United Arab Emirates,ARE,GDP (current US$),290000000000.00,351000000000.00,375000000000.00,390000000000.00,403000000000.00,358000000000.00,357000000000.00,386000000000.00,422000000000.00,421000000000.00
Argentina,ARG,GDP (current US$),424000000000.00,530000000000.00,546000000000.00,552000000000.00,526000000000.00,595000000000.00,558000000000.00,643000000000.00,520000000000.00,450000000000.00
Armenia,ARM,GDP (current US$),9260284938.00,10142111334.00,10619320049.00,11121465767.00,11609512940.00,10553337673.00,10546135160.00,11527458566.00,12457941907.00,13672802158.00
American Samoa,ASM,GDP (current US$),576000000.00,574000000.00,644000000.00,641000000.00,642000000.00,661000000.00,652000000.00,602000000.00,636000000.00,636000000.00
Antigua and Barbuda,ATG,GDP (current US$),1148700000.00,1137637037.00,1199948148.00,1181448148.00,1249733333.00,1336692593.00,1436585185.00,1467977778.00,1610574074.00,1727759259.00
Australia,AUS,GDP (current US$),1150000000000.00,1400000000000.00,1550000000000.00,1580000000000.00,1470000000000.00,1350000000000.00,1210000000000.00,1330000000000.00,1430000000000.00,1390000000000.00
Austria,AUT,GDP (current US$),392000000000.00,431000000000.00,409000000000.00,430000000000.00,442000000000.00,382000000000.00,395000000000.00,418000000000.00,456000000000.00,446000000000.00
Azerbaijan,AZE,GDP (current US$),52902703376.00,65951627200.00,69683935845.00,74164435946.00,75244294275.00,53074370486.00,37867518957.00,40865558912.00,47112941176.00,48047647059.00
Burundi,BDI,GDP (current US$),2032135247.00,2235820868.00,2333308099.00,2451625333.00,2705783272.00,3104394858.00,2959640987.00,3172292379.00,3036931818.00,3012334882.00
Belgium,BEL,GDP (current US$),481000000000.00,523000000000.00,496000000000.00,522000000000.00,535000000000.00,462000000000.00,476000000000.00,504000000000.00,543000000000.00,530000000000.00
Benin,BEN,GDP (current US$),9535344283.00,10693321954.00,11141358945.00,12517845732.00,13284528654.00,11388160958.00,11821066153.00,12701656931.00,14250985959.00,14390709095.00
Burkina Faso,BFA,GDP (current US$),10109618964.00,12080296644.00,12561016091.00,13444301139.00,13943016924.00,11832159276.00,12822558022.00,14169905602.00,16199434625.00,15745810235.00
Bangladesh,BGD,GDP (current US$),115000000000.00,129000000000.00,133000000000.00,150000000000.00,173000000000.00,195000000000.00,221000000000.00,250000000000.00,274000000000.00,303000000000.00
Bulgaria,BGR,GDP (current US$),50363282117.00,57363610380.00,54013812089.00,55591336862.00,56883172568.00,50630703922.00,53785050339.00,58950125036.00,66200847918.00,67927179737.00
Bahrain,BHR,GDP (current US$),25713271277.00,28776595745.00,30749308511.00,32539468085.00,33387712766.00,31125851064.00,32250132979.00,35423643617.00,37652500000.00,38574069149.00
"Bahamas, The",BHS,GDP (current US$),10095760000.00,10070450000.00,10720500000.00,10562700000.00,10913300000.00,11752300000.00,11938400000.00,12150400000.00,12424500000.00,12827000000.00
Bosnia and Herzegovina,BIH,GDP (current US$),17176781337.00,18644723861.00,17226849297.00,18178503835.00,18558343508.00,16211541253.00,16913330694.00,18080118128.00,20183498491.00,20047848435.00
Belarus,BLR,GDP (current US$),57222490769.00,61757788945.00,65685102555.00,75527984234.00,78813839984.00,56454734397.00,47722657821.00,54726595249.00,60031262269.00,63080457023.00
Belize,BLZ,GDP (current US$),1377200000.00,1460800000.00,1522900000.00,1579400000.00,1662800000.00,1723800000.00,1775100000.00,1836600000.00,1871200000.00,1879613600.00
Bermuda,BMU,GDP (current US$),5744414000.00,5550771000.00,5537537000.00,5573710000.00,,,,,5573710000.00,5573710000.00
Bolivia,BOL,GDP (current US$),19649631451.00,23963033588.00,27084497540.00,30659338784.00,32996188133.00,33000198263.00,33941126194.00,37508642113.00,40287647902.00,40895322865.00
Brazil,BRA,GDP (current US$),2210000000000.00,2620000000000.00,2470000000000.00,2470000000000.00,2460000000000.00,1800000000000.00,1800000000000.00,2060000000000.00,1890000000000.00,1840000000000.00
Barbados,BRB,GDP (current US$),4530000000.00,4657500000.00,4610000000.00,4677000000.00,4696500000.00,4715000000.00,4830000000.00,4978000000.00,5086500000.00,5209000000.00
Brunei Darussalam,BRN,GDP (current US$),13707370737.00,18525319978.00,19047940300.00,18093829923.00,17098342541.00,12930394938.00,11400854268.00,12128104859.00,13567351175.00,13469422941.00
Bhutan,BTN,GDP (current US$),1547991318.00,1777101317.00,1781281282.00,1756215665.00,1907090813.00,2003598213.00,2158972129.00,2450364928.00,2446674102.00,2446674102.00
Botswana,BWA,GDP (current US$),12786654366.00,15351972230.00,14420393564.00,14901750765.00,16250750259.00,14420604206.00,15646316818.00,17405538618.00,18663264706.00,18340510789.00
Central African Republic,CAF,GDP (current US$),2142591376.00,2437982840.00,2510126699.00,1691544192.00,1894813505.00,1695825708.00,1825018191.00,2072350151.00,2220978978.00,2220307369.00
Canada,CAN,GDP (current US$),1610000000000.00,1790000000000.00,1830000000000.00,1850000000000.00,1800000000000.00,1560000000000.00,1530000000000.00,1650000000000.00,1720000000000.00,1740000000000.00
Central Europe and the Baltics,CEB,GDP (current US$),1310000000000.00,1450000000000.00,1350000000000.00,1420000000000.00,1470000000000.00,1290000000000.00,1320000000000.00,1460000000000.00,1640000000000.00,1660000000000.00
Switzerland,CHE,GDP (current US$),584000000000.00,700000000000.00,668000000000.00,689000000000.00,709000000000.00,680000000000.00,671000000000.00,680000000000.00,705000000000.00,703000000000.00
Channel Islands,CHI,GDP (current US$),,,,,,,,,,
Chile,CHL,GDP (current US$),219000000000.00,252000000000.00,267000000000.00,278000000000.00,261000000000.00,244000000000.00,250000000000.00,277000000000.00,298000000000.00,282000000000.00
China,CHN,GDP (current US$),6090000000000.00,7550000000000.00,8530000000000.00,9570000000000.00,10500000000000.00,11100000000000.00,11200000000000.00,12300000000000.00,13900000000000.00,14300000000000.00
Cote d'Ivoire,CIV,GDP (current US$),24908781285.00,25414875503.00,26789047555.00,31273074528.00,35363533866.00,45814637971.00,47964234560.00,51588158718.00,57724731365.00,58792205642.00
Cameroon,CMR,GDP (current US$),26169323293.00,29375448542.00,29102772799.00,32357345501.00,34989493826.00,30928653814.00,32643697596.00,35009262788.00,38694095651.00,38760467033.00
"Congo, Dem. Rep.",COD,GDP (current US$),21565720044.00,25839749199.00,29306235826.00,32679745298.00,35909040266.00,37917704900.00,37134799975.00,38019265626.00,46831342213.00,47319624204.00
"Congo, Rep.",COG,GDP (current US$),12019594809.00,14444509756.00,13677147848.00,14089855509.00,14196322768.00,8556594871.00,9041986778.00,9035182062.00,11662700148.00,10820591131.00
Colombia,COL,GDP (current US$),287000000000.00,335000000000.00,371000000000.00,382000000000.00,381000000000.00,293000000000.00,283000000000.00,312000000000.00,334000000000.00,324000000000.00
Comoros,COM,GDP (current US$),907978723.50,1023086184.00,1015843369.00,1116224161.00,1149587652.00,966029542.00,1012835518.00,1077439663.00,1178530758.00,1185728677.00
Cabo Verde,CPV,GDP (current US$),1664310770.00,1865915544.00,1741809809.00,1850470042.00,1859898513.00,1596800287.00,1662998678.00,1769787215.00,1966983316.00,1981845741.00
Costa Rica,CRI,GDP (current US$),37268614024.00,42262697840.00,46473128286.00,49745088112.00,50577769838.00,54775994479.00,57157992434.00,58481858043.00,60553901420.00,61773944174.00
Caribbean small states,CSS,GDP (current US$),63364789294.00,68552917331.00,70849598299.00,72231768542.00,73185354885.00,71787351548.00,68222566249.00,69913144887.00,73459161489.00,76290373254.00
Cuba,CUB,GDP (current US$),64328000000.00,68990000000.00,73141000000.00,77148000000.00,80656000000.00,87133000000.00,91370000000.00,96851000000.00,100000000000.00,100000000000.00
Curacao,CUW,GDP (current US$),,3038699609.00,3131096089.00,3147616201.00,3158406034.00,3151910782.00,3122287933.00,3116610112.00,3127908045.00,3127908045.00
Cayman Islands,CYM,GDP (current US$),4156935677.00,4186223809.00,4291159006.00,4405954638.00,4563017881.00,4708336733.00,4898908676.00,5141833913.00,5485419417.00,5485419417.00
Cyprus,CYP,GDP (current US$),25732432719.00,27565469098.00,24978513427.00,23900872626.00,23128114787.00,19779150116.00,20890936462.00,22638608224.00,24961995749.00,24564647935.00
Czech Republic,CZE,GDP (current US$),207000000000.00,228000000000.00,207000000000.00,209000000000.00,208000000000.00,187000000000.00,195000000000.00,216000000000.00,245000000000.00,246000000000.00
Germany,DEU,GDP (current US$),3400000000000.00,3740000000000.00,3530000000000.00,3730000000000.00,3880000000000.00,3360000000000.00,3470000000000.00,3670000000000.00,3950000000000.00,3850000000000.00
Djibouti,DJI,GDP (current US$),1128611700.00,1239144502.00,1353632942.00,2042817163.00,2214681574.00,2430287967.00,2603554907.00,2751461056.00,3012820410.00,3318716359.00
Dominica,DMA,GDP (current US$),493825925.90,501025925.90,485996296.30,498296296.30,520207407.40,540737037.00,576229629.60,519837037.00,550892592.60,596033333.30
Denmark,DNK,GDP (current US$),322000000000.00,344000000000.00,327000000000.00,344000000000.00,353000000000.00,303000000000.00,313000000000.00,329000000000.00,356000000000.00,348000000000.00
Dominican Republic,DOM,GDP (current US$),53860175556.00,58029750746.00,60681537196.00,62682163837.00,67179914027.00,71164825257.00,75704720190.00,79997975622.00,85555378043.00,88941298258.00
Algeria,DZA,GDP (current US$),161000000000.00,200000000000.00,209000000000.00,210000000000.00,214000000000.00,166000000000.00,160000000000.00,167000000000.00,174000000000.00,170000000000.00
East Asia & Pacific (excluding high income),EAP,GDP (current US$),7870000000000.00,9620000000000.00,10700000000000.00,11800000000000.00,12800000000000.00,13300000000000.00,13600000000000.00,14800000000000.00,16600000000000.00,17200000000000.00
Early-demographic dividend,EAR,GDP (current US$),8560000000000.00,9600000000000.00,10100000000000.00,10200000000000.00,10600000000000.00,10300000000000.00,10500000000000.00,11400000000000.00,11600000000000.00,12000000000000.00
East Asia & Pacific,EAS,GDP (current US$),17000000000000.00,19700000000000.00,21100000000000.00,21300000000000.00,22000000000000.00,21900000000000.00,22700000000000.00,24200000000000.00,26300000000000.00,27000000000000.00
Europe & Central Asia (excluding high income),ECA,GDP (current US$),2940000000000.00,3650000000000.00,3900000000000.00,4130000000000.00,3840000000000.00,2910000000000.00,2770000000000.00,3110000000000.00,3180000000000.00,3240000000000.00
Europe & Central Asia,ECS,GDP (current US$),21000000000000.00,23200000000000.00,22400000000000.00,23400000000000.00,23700000000000.00,20400000000000.00,20400000000000.00,21600000000000.00,23100000000000.00,22700000000000.00
Ecuador,ECU,GDP (current US$),69555367000.00,79276664000.00,87924544000.00,95129659000.00,102000000000.00,99290381000.00,99937696000.00,104000000000.00,108000000000.00,107000000000.00
"Egypt, Arab Rep.",EGY,GDP (current US$),219000000000.00,236000000000.00,279000000000.00,289000000000.00,306000000000.00,333000000000.00,333000000000.00,235000000000.00,251000000000.00,303000000000.00
Euro area,EMU,GDP (current US$),12600000000000.00,13600000000000.00,12600000000000.00,13200000000000.00,13500000000000.00,11700000000000.00,12000000000000.00,12700000000000.00,13700000000000.00,13300000000000.00
Eritrea,ERI,GDP (current US$),1589515447.00,2065001626.00,,,,,,,,
Spain,ESP,GDP (current US$),1420000000000.00,1480000000000.00,1320000000000.00,1350000000000.00,1370000000000.00,1200000000000.00,1230000000000.00,1310000000000.00,1420000000000.00,1390000000000.00
Estonia,EST,GDP (current US$),19693608687.00,23391529311.00,23192709239.00,25271407239.00,26773472962.00,23048864243.00,23996451498.00,26859101054.00,30747159198.00,31386949981.00
Ethiopia,ETH,GDP (current US$),29933790334.00,31952763089.00,43310721414.00,47648211133.00,55612228234.00,64589334979.00,74296618481.00,81770791971.00,84269348327.00,96107662398.00
European Union,EUU,GDP (current US$),14500000000000.00,15700000000000.00,14600000000000.00,15300000000000.00,15600000000000.00,13500000000000.00,13900000000000.00,14700000000000.00,15900000000000.00,15600000000000.00
Fragile and conflict affected situations,FCS,GDP (current US$),1430000000000.00,1450000000000.00,1670000000000.00,1760000000000.00,1930000000000.00,1710000000000.00,1530000000000.00,1550000000000.00,1680000000000.00,1750000000000.00
Finland,FIN,GDP (current US$),249000000000.00,275000000000.00,258000000000.00,271000000000.00,274000000000.00,234000000000.00,241000000000.00,255000000000.00,276000000000.00,269000000000.00
Fiji,FJI,GDP (current US$),3140508836.00,3774530616.00,3972012571.00,4190143206.00,4856963230.00,4682546863.00,4930204230.00,5353404422.00,5536759653.00,5535548972.00
France,FRA,GDP (current US$),2640000000000.00,2860000000000.00,2680000000000.00,2810000000000.00,2850000000000.00,2440000000000.00,2470000000000.00,2600000000000.00,2790000000000.00,2720000000000.00
Faroe Islands,FRO,GDP (current US$),2320424601.00,2490807831.00,2366301252.00,2627049837.00,2850743875.00,2518096286.00,2689157271.00,2833300519.00,2833300519.00,2833300519.00
"Micronesia, Fed. Sts.",FSM,GDP (current US$),296944100.00,311301600.00,327248700.00,317214400.00,319271200.00,316489900.00,332265200.00,366666800.00,401932300.00,401932300.00
Gabon,GAB,GDP (current US$),14372591916.00,18210308748.00,17170465294.00,17595745653.00,18203968002.00,14383107714.00,14023890620.00,14929488771.00,16862282414.00,16657960228.00
United Kingdom,GBR,GDP (current US$),2480000000000.00,2660000000000.00,2700000000000.00,2790000000000.00,3060000000000.00,2930000000000.00,2690000000000.00,2670000000000.00,2860000000000.00,2830000000000.00
Georgia,GEO,GDP (current US$),12243505583.00,15107441447.00,16488403076.00,17189551521.00,17627003455.00,14953950557.00,15141758567.00,16242916916.00,17599700091.00,17743195770.00
Ghana,GHA,GDP (current US$),32197272797.00,39337314810.00,41270954737.00,62405374786.00,53660342160.00,48564863888.00,55009730600.00,58998132330.00,65556464048.00,66983634224.00
Gibraltar,GIB,GDP (current US$),,,,,,,,,,
Guinea,GIN,GDP (current US$),6853467858.00,6785137173.00,7638045254.00,8376613843.00,8778473615.00,8794202444.00,8603884845.00,10336634799.00,12207116729.00,13590281809.00
"Gambia, The",GMB,GDP (current US$),1543292393.00,1409694554.00,1415006238.00,1375608956.00,1229460602.00,1354788659.00,1470006034.00,1498044491.00,1624600882.00,1763819048.00
Guinea-Bissau,GNB,GDP (current US$),849050127.50,1098379392.00,989327811.80,1045790133.00,1053512334.00,1047808175.00,1178204501.00,1346841897.00,1458156026.00,1340389411.00
Equatorial Guinea,GNQ,GDP (current US$),16314442183.00,21357344847.00,22388345810.00,21948835350.00,21765454404.00,13185496836.00,11240809132.00,12200914930.00,13278488567.00,11026774945.00
Greece,GRC,GDP (current US$),299000000000.00,288000000000.00,246000000000.00,240000000000.00,237000000000.00,197000000000.00,195000000000.00,204000000000.00,218000000000.00,210000000000.00
Grenada,GRD,GDP (current US$),771013259.30,778655925.90,799882259.30,842620111.10,911497407.40,997007925.90,1061631222.00,1125685185.00,1168696296.00,1228170370.00
Greenland,GRL,GDP (current US$),2503156061.00,2684467376.00,2609667674.00,2684952727.00,2842048998.00,2499115623.00,2707146783.00,2826651926.00,3051626390.00,3051626390.00
Guatemala,GTM,GDP (current US$),41338008613.00,47654783852.00,50388460925.00,52996540576.00,57852399834.00,62186186576.00,66053725049.00,71612352781.00,73118147808.00,76710385880.00
Guam,GUM,GDP (current US$),4895000000.00,4928000000.00,5199000000.00,5336000000.00,5538000000.00,5710000000.00,5795000000.00,5851000000.00,5920000000.00,5920000000.00
Guyana,GUY,GDP (current US$),2273225042.00,2576024116.00,2861562266.00,2987684170.00,3077643314.00,3197220339.00,3504024213.00,3555205811.00,3878662621.00,4280443645.00
High income,HIC,GDP (current US$),45600000000000.00,49200000000000.00,49300000000000.00,49900000000000.00,51000000000000.00,48200000000000.00,49200000000000.00,51400000000000.00,54600000000000.00,55000000000000.00
"Hong Kong SAR, China",HKG,GDP (current US$),229000000000.00,249000000000.00,263000000000.00,276000000000.00,291000000000.00,309000000000.00,321000000000.00,341000000000.00,362000000000.00,366000000000.00
Honduras,HND,GDP (current US$),15839344592.00,17710315006.00,18528601901.00,18499710128.00,19756494435.00,20979767785.00,21717622071.00,23136232230.00,24024189736.00,25095395475.00
Heavily indebted poor countries (HIPC),HPC,GDP (current US$),486000000000.00,539000000000.00,569000000000.00,637000000000.00,672000000000.00,666000000000.00,663000000000.00,706000000000.00,746000000000.00,759000000000.00
Croatia,HRV,GDP (current US$),59807930156.00,62354273096.00,56494367810.00,58056933513.00,57642914304.00,49530641704.00,51596973259.00,55319605061.00,60991399904.00,60415553039.00
Haiti,HTI,GDP (current US$),6622541529.00,7516834160.00,7890647022.00,8485077205.00,8775444942.00,8724656126.00,7970649131.00,8409497402.00,9658721170.00,8498981821.00
Hungary,HUN,GDP (current US$),131000000000.00,141000000000.00,128000000000.00,135000000000.00,141000000000.00,125000000000.00,128000000000.00,142000000000.00,158000000000.00,161000000000.00
IBRD only,IBD,GDP (current US$),20000000000000.00,23600000000000.00,25100000000000.00,26600000000000.00,27500000000000.00,25900000000000.00,26100000000000.00,28900000000000.00,30800000000000.00,31600000000000.00
IDA & IBRD total,IBT,GDP (current US$),21500000000000.00,25300000000000.00,26900000000000.00,28500000000000.00,29600000000000.00,28000000000000.00,28200000000000.00,30900000000000.00,33000000000000.00,33900000000000.00
IDA total,IDA,GDP (current US$),1470000000000.00,1660000000000.00,1790000000000.00,1970000000000.00,2120000000000.00,2090000000000.00,2030000000000.00,2100000000000.00,2220000000000.00,2300000000000.00
IDA blend,IDB,GDP (current US$),701000000000.00,809000000000.00,889000000000.00,968000000000.00,1050000000000.00,1000000000000.00,930000000000.00,920000000000.00,963000000000.00,990000000000.00
Indonesia,IDN,GDP (current US$),755000000000.00,893000000000.00,918000000000.00,913000000000.00,891000000000.00,861000000000.00,932000000000.00,1020000000000.00,1040000000000.00,1120000000000.00
IDA only,IDX,GDP (current US$),761000000000.00,847000000000.00,887000000000.00,990000000000.00,1060000000000.00,1080000000000.00,1100000000000.00,1180000000000.00,1260000000000.00,1320000000000.00
Isle of Man,IMN,GDP (current US$),5920177689.00,6566098382.00,6433357030.00,6754330155.00,7428280402.00,6792417112.00,6592627599.00,6770532819.00,6770532819.00,6770532819.00
India,IND,GDP (current US$),1680000000000.00,1820000000000.00,1830000000000.00,1860000000000.00,2040000000000.00,2100000000000.00,2290000000000.00,2650000000000.00,2710000000000.00,2880000000000.00
Not classified,INX,GDP (current US$),,,,,,,,,,
Ireland,IRL,GDP (current US$),222000000000.00,237000000000.00,225000000000.00,239000000000.00,258000000000.00,292000000000.00,301000000000.00,336000000000.00,383000000000.00,389000000000.00
"Iran, Islamic Rep.",IRN,GDP (current US$),487000000000.00,581000000000.00,599000000000.00,460000000000.00,433000000000.00,385000000000.00,418000000000.00,445000000000.00,445000000000.00,445000000000.00
Iraq,IRQ,GDP (current US$),139000000000.00,186000000000.00,218000000000.00,235000000000.00,235000000000.00,177000000000.00,175000000000.00,195000000000.00,224000000000.00,234000000000.00
Iceland,ISL,GDP (current US$),13683689690.00,15158548261.00,14724078152.00,16033517406.00,17758050019.00,17389101641.00,20618363256.00,24488176540.00,25737594325.00,24188035739.00
Israel,ISR,GDP (current US$),234000000000.00,261000000000.00,257000000000.00,293000000000.00,310000000000.00,300000000000.00,319000000000.00,353000000000.00,371000000000.00,395000000000.00
Italy,ITA,GDP (current US$),2130000000000.00,2290000000000.00,2090000000000.00,2140000000000.00,2160000000000.00,1840000000000.00,1880000000000.00,1960000000000.00,2090000000000.00,2000000000000.00
Jamaica,JAM,GDP (current US$),13220556883.00,14444655300.00,14807086889.00,14262589158.00,13897804560.00,14187696311.00,14075894320.00,14806340821.00,15713908816.00,16458071068.00
Jordan,JOR,GDP (current US$),26795901408.00,29244647887.00,31371056338.00,34064873239.00,36329267606.00,38043450704.00,39196676056.00,40708943662.00,42231295775.00,43743661972.00
Japan,JPN,GDP (current US$),5700000000000.00,6160000000000.00,6200000000000.00,5160000000000.00,4850000000000.00,4390000000000.00,4920000000000.00,4870000000000.00,4950000000000.00,5080000000000.00
Kazakhstan,KAZ,GDP (current US$),148000000000.00,193000000000.00,208000000000.00,237000000000.00,221000000000.00,184000000000.00,137000000000.00,167000000000.00,179000000000.00,180000000000.00
Kenya,KEN,GDP (current US$),40000088347.00,41953433591.00,50412754861.00,55096728048.00,61448046802.00,64007750169.00,69188755364.00,78965004656.00,87778582964.00,95503088538.00
Kyrgyz Republic,KGZ,GDP (current US$),4794357795.00,6197766119.00,6605139933.00,7335027592.00,7468096567.00,6678178340.00,6813092066.00,7702934800.00,8271108638.00,8454619608.00
Cambodia,KHM,GDP (current US$),11242275199.00,12829541141.00,14054443213.00,15227991395.00,16702610842.00,18049954289.00,20016747754.00,22177200512.00,24571753583.00,27089389787.00
Kiribati,KIR,GDP (current US$),156120895.20,181705002.60,190243321.60,185113921.60,179703443.30,171117872.40,178328873.00,187276210.90,196737896.00,194647201.90
St. Kitts and Nevis,KNA,GDP (current US$),760177777.80,817762963.00,800422222.20,839770370.40,916574074.10,923155555.60,971162963.00,996937037.00,1010814815.00,1050992593.00
"Korea, Rep.",KOR,GDP (current US$),1140000000000.00,1250000000000.00,1280000000000.00,1370000000000.00,1480000000000.00,1470000000000.00,1500000000000.00,1620000000000.00,1720000000000.00,1640000000000.00
Kuwait,KWT,GDP (current US$),115000000000.00,154000000000.00,174000000000.00,174000000000.00,163000000000.00,115000000000.00,109000000000.00,121000000000.00,141000000000.00,135000000000.00
Latin America & Caribbean (excluding high income),LAC,GDP (current US$),4910000000000.00,5590000000000.00,5620000000000.00,5750000000000.00,5880000000000.00,5000000000000.00,4860000000000.00,5420000000000.00,5220000000000.00,5140000000000.00
Lao PDR,LAO,GDP (current US$),7127792630.00,8749241114.00,10191350120.00,11942230508.00,13268458232.00,14390442307.00,15805692546.00,16853087485.00,17953786416.00,18173839128.00
Lebanon,LBN,GDP (current US$),38443907042.00,39927125961.00,44035991746.00,46909335135.00,48134486625.00,49939374833.00,51205122504.00,53140638269.00,54961275742.00,53367042272.00
Liberia,LBR,GDP (current US$),1998000000.00,2398000000.00,2721000000.00,3067000000.00,3144000000.00,3177000000.00,3277826000.00,3285455000.00,3264000000.00,3070518100.00
Libya,LBY,GDP (current US$),74773444901.00,34699395524.00,81873662519.00,65502870174.00,41142722414.00,27842131480.00,26197143268.00,37883243650.00,52607888718.00,52076250948.00
St. Lucia,LCA,GDP (current US$),1486758037.00,1576988407.00,1605146778.00,1664816741.00,1755130815.00,1808079889.00,1865375222.00,1999090407.00,2065875074.00,2122450630.00
Latin America & Caribbean,LCN,GDP (current US$),5350000000000.00,6080000000000.00,6140000000000.00,6290000000000.00,6420000000000.00,5520000000000.00,5390000000000.00,5990000000000.00,5820000000000.00,5720000000000.00
Least developed countries: UN classification,LDC,GDP (current US$),680000000000.00,774000000000.00,820000000000.00,895000000000.00,968000000000.00,955000000000.00,943000000000.00,1030000000000.00,1070000000000.00,1110000000000.00
Low income,LIC,GDP (current US$),390000000000.00,422000000000.00,442000000000.00,485000000000.00,520000000000.00,519000000000.00,479000000000.00,495000000000.00,509000000000.00,521000000000.00
Liechtenstein,LIE,GDP (current US$),5082366478.00,5739977477.00,5456009385.00,6391735894.00,6657170923.00,6268391521.00,6237264055.00,6552858739.00,6552858739.00,6552858739.00
Sri Lanka,LKA,GDP (current US$),56725749222.00,65292753005.00,68434409315.00,74317806538.00,79356449841.00,80604080689.00,82401038710.00,87428125558.00,88425889592.00,84008783756.00
Lower middle income,LMC,GDP (current US$),3930000000000.00,4430000000000.00,4670000000000.00,4920000000000.00,5240000000000.00,5190000000000.00,5360000000000.00,5760000000000.00,6000000000000.00,6340000000000.00
Low & middle income,LMY,GDP (current US$),20500000000000.00,24200000000000.00,25900000000000.00,27400000000000.00,28500000000000.00,27100000000000.00,27200000000000.00,29800000000000.00,31800000000000.00,32700000000000.00
Lesotho,LSO,GDP (current US$),2269525782.00,2622336141.00,2526185310.00,2421470022.00,2499803980.00,2372280099.00,2165408362.00,2405289382.00,2575892261.00,2460072444.00
Late-demographic dividend,LTE,GDP (current US$),13500000000000.00,16500000000000.00,17600000000000.00,19000000000000.00,19700000000000.00,18500000000000.00,18500000000000.00,20600000000000.00,22500000000000.00,23000000000000.00
Lithuania,LTU,GDP (current US$),37034461707.00,43466133144.00,42842537129.00,46442055804.00,48526000845.00,41392396558.00,43021972485.00,47750908128.00,53455170034.00,54219315600.00
Luxembourg,LUX,GDP (current US$),53212476812.00,60004630234.00,56677961787.00,61739352212.00,66103853237.00,57744457955.00,60691483443.00,64181944723.00,70919958016.00,71104919108.00
Latvia,LVA,GDP (current US$),23803906231.00,28490700601.00,28176625841.00,30272574650.00,31382780146.00,27090019663.00,27734140217.00,30273007510.00,34313873285.00,34117202555.00
"Macao SAR, China",MAC,GDP (current US$),28123640999.00,36709860068.00,43031577366.00,51552075902.00,55347998648.00,45361678147.00,45387299721.00,50751059058.00,55084050790.00,53859116536.00
St. Martin (French part),MAF,GDP (current US$),,,,,,,,,,
Morocco,MAR,GDP (current US$),93216746662.00,101000000000.00,98266306615.00,107000000000.00,110000000000.00,101000000000.00,103000000000.00,110000000000.00,118000000000.00,119000000000.00
Monaco,MCO,GDP (current US$),5367625613.00,6088808463.00,5743029680.00,6555983530.00,7069616049.00,6261622101.00,6472990923.00,6431314957.00,7188238073.00,7188238073.00
Moldova,MDA,GDP (current US$),6974960345.00,8414360656.00,8709165249.00,9496684701.00,9510219299.00,7745231660.00,8071480541.00,9669759987.00,11457410264.00,11955435457.00
Madagascar,MDG,GDP (current US$),9982711030.00,11551821062.00,11578978053.00,12423557907.00,12522959157.00,11323023787.00,11848615018.00,13176313233.00,13853433948.00,14083906357.00
Maldives,MDV,GDP (current US$),2588176055.00,2774351760.00,2886170572.00,3295011382.00,3697351597.00,4109424800.00,4379136462.00,4735989972.00,5327457150.00,5729248472.00
Middle East & North Africa,MEA,GDP (current US$),2770000000000.00,3280000000000.00,3580000000000.00,3550000000000.00,3570000000000.00,3140000000000.00,3150000000000.00,3270000000000.00,3610000000000.00,3700000000000.00
Mexico,MEX,GDP (current US$),1060000000000.00,1180000000000.00,1200000000000.00,1270000000000.00,1310000000000.00,1170000000000.00,1080000000000.00,1160000000000.00,1220000000000.00,1260000000000.00
Marshall Islands,MHL,GDP (current US$),162164700.00,174332100.00,182874800.00,187707400.00,184689500.00,184599600.00,200558400.00,212881000.00,221278000.00,221278000.00
Middle income,MIC,GDP (current US$),20100000000000.00,23800000000000.00,25400000000000.00,26900000000000.00,28000000000000.00,26500000000000.00,26700000000000.00,29300000000000.00,31300000000000.00,32200000000000.00
North Macedonia,MKD,GDP (current US$),9407168702.00,10494632699.00,9745251126.00,10817712139.00,11362272838.00,10064515432.00,10672471861.00,11307058382.00,12628854801.00,12694823394.00
Mali,MLI,GDP (current US$),10689167195.00,12995074801.00,12441946098.00,13242680701.00,14365345530.00,13104869674.00,14020002871.00,15375605992.00,17172022684.00,17510141171.00
Malta,MLT,GDP (current US$),8749171417.00,9515297915.00,9205506528.00,10153894646.00,11302344157.00,10682394998.00,11444483134.00,12747857570.00,14603581712.00,14786156563.00
Myanmar,MMR,GDP (current US$),49540813342.00,59977326086.00,59937797559.00,60269734045.00,65446199788.00,67822772707.00,67184236747.00,68945867478.00,76168043982.00,76085852617.00
Middle East & North Africa (excluding high income),MNA,GDP (current US$),1380000000000.00,1570000000000.00,1730000000000.00,1620000000000.00,1600000000000.00,1440000000000.00,1450000000000.00,1430000000000.00,1430000000000.00,1430000000000.00
Montenegro,MNE,GDP (current US$),4139192053.00,4538199889.00,4087725813.00,4466039315.00,4594024180.00,4054712083.00,4377033429.00,4856632399.00,5506766651.00,5494736901.00
Mongolia,MNG,GDP (current US$),7189481824.00,10409797649.00,12292770631.00,12582122604.00,12226514722.00,11749620620.00,11186734674.00,11425755280.00,13108769496.00,13852850259.00
Northern Mariana Islands,MNP,GDP (current US$),799000000.00,733000000.00,751000000.00,782000000.00,845000000.00,931000000.00,1250000000.00,1601000000.00,1323000000.00,1323000000.00
Mozambique,MOZ,GDP (current US$),11087646868.00,14381552433.00,16350804543.00,16974320551.00,17716084108.00,15950969019.00,11936999283.00,13219084261.00,14717223207.00,14934159926.00
Mauritania,MRT,GDP (current US$),5628882266.00,6764635687.00,6728208836.00,7223063170.00,6592537782.00,6166857629.00,6398744505.00,6758390729.00,7049169771.00,7593752450.00
Mauritius,MUS,GDP (current US$),10003670690.00,11518393367.00,11668685524.00,12129642296.00,12803445934.00,11692287066.00,12232463656.00,13259351418.00,14181803715.00,14180444557.00
Malawi,MWI,GDP (current US$),6959655571.00,8004000737.00,6028487929.00,5518880769.00,6047813437.00,6373212641.00,5433040160.00,6303292264.00,6917301909.00,7666704427.00
Malaysia,MYS,GDP (current US$),255000000000.00,298000000000.00,314000000000.00,323000000000.00,338000000000.00,301000000000.00,301000000000.00,319000000000.00,359000000000.00,365000000000.00
North America,NAC,GDP (current US$),16600000000000.00,17300000000000.00,18000000000000.00,18600000000000.00,19300000000000.00,19800000000000.00,20200000000000.00,21100000000000.00,22300000000000.00,23100000000000.00
Namibia,NAM,GDP (current US$),11268186636.00,12343501808.00,13042007432.00,12011207762.00,12356482878.00,11272143550.00,10665634661.00,12741746434.00,13454211124.00,12366527719.00
New Caledonia,NCL,GDP (current US$),,,,,,,,,,
Niger,NER,GDP (current US$),7792421016.00,8701085756.00,9366515965.00,10156855204.00,10815312544.00,9667589437.00,10284627190.00,11166063887.00,12826750567.00,12928145120.00
Nigeria,NGA,GDP (current US$),363000000000.00,410000000000.00,459000000000.00,515000000000.00,568000000000.00,495000000000.00,405000000000.00,376000000000.00,398000000000.00,448000000000.00
Nicaragua,NIC,GDP (current US$),8758639096.00,9774262742.00,10531964139.00,10982979274.00,11880472593.00,12756706583.00,13286048705.00,13785943183.00,13063873078.00,12520915291.00
Netherlands,NLD,GDP (current US$),847000000000.00,904000000000.00,839000000000.00,877000000000.00,891000000000.00,765000000000.00,784000000000.00,834000000000.00,914000000000.00,909000000000.00
Norway,NOR,GDP (current US$),429000000000.00,498000000000.00,510000000000.00,523000000000.00,498000000000.00,386000000000.00,369000000000.00,398000000000.00,434000000000.00,403000000000.00
Nepal,NPL,GDP (current US$),16002656434.00,18913574371.00,18851513891.00,19271168018.00,20002968838.00,21410840909.00,21185922408.00,25180583770.00,29173513476.00,30641380604.00
Nauru,NRU,GDP (current US$),47564520.39,66055407.67,96927201.48,98491843.64,104654365.20,86779266.16,100087349.00,109585941.60,124021393.70,118223430.10
New Zealand,NZL,GDP (current US$),147000000000.00,169000000000.00,176000000000.00,191000000000.00,201000000000.00,177000000000.00,188000000000.00,205000000000.00,208000000000.00,207000000000.00
OECD members,OED,GDP (current US$),45000000000000.00,48400000000000.00,48400000000000.00,49100000000000.00,50100000000000.00,47300000000000.00,48200000000000.00,50300000000000.00,53100000000000.00,53600000000000.00
Oman,OMN,GDP (current US$),57048114434.00,68016905072.00,76615864759.00,78784395319.00,81076462939.00,68400260078.00,65481144343.00,70600000000.00,79275422627.00,76983094928.00
Other small states,OSS,GDP (current US$),322000000000.00,397000000000.00,414000000000.00,432000000000.00,446000000000.00,370000000000.00,366000000000.00,404000000000.00,450000000000.00,438000000000.00
Pakistan,PAK,GDP (current US$),177000000000.00,214000000000.00,224000000000.00,231000000000.00,244000000000.00,271000000000.00,279000000000.00,305000000000.00,315000000000.00,278000000000.00
Panama,PAN,GDP (current US$),29440300000.00,34686200000.00,40429700000.00,45600000000.00,49921500000.00,54091700000.00,57907700000.00,62219000000.00,65128200000.00,66800800000.00
Peru,PER,GDP (current US$),148000000000.00,172000000000.00,193000000000.00,201000000000.00,201000000000.00,190000000000.00,192000000000.00,211000000000.00,222000000000.00,227000000000.00
Philippines,PHL,GDP (current US$),208000000000.00,234000000000.00,262000000000.00,284000000000.00,297000000000.00,306000000000.00,319000000000.00,328000000000.00,347000000000.00,377000000000.00
Palau,PLW,GDP (current US$),183498800.00,193143900.00,211103300.00,223388400.00,243147000.00,280376100.00,300125600.00,286321800.00,283994900.00,283994900.00
Papua New Guinea,PNG,GDP (current US$),14250755231.00,17984910502.00,21295659244.00,21261432791.00,23210682538.00,21723531173.00,20759069103.00,22742613554.00,23412495063.00,24969611435.00
Poland,POL,GDP (current US$),479000000000.00,529000000000.00,500000000000.00,524000000000.00,545000000000.00,478000000000.00,472000000000.00,526000000000.00,587000000000.00,592000000000.00
Pre-demographic dividend,PRE,GDP (current US$),1020000000000.00,1190000000000.00,1300000000000.00,1430000000000.00,1530000000000.00,1340000000000.00,1220000000000.00,1270000000000.00,1330000000000.00,1390000000000.00
Puerto Rico,PRI,GDP (current US$),98381300000.00,100000000000.00,102000000000.00,102000000000.00,102000000000.00,103000000000.00,104000000000.00,103000000000.00,101000000000.00,105000000000.00
"Korea, Dem. People’s Rep.",PRK,GDP (current US$),,,,,,,,,,
Portugal,PRT,GDP (current US$),238000000000.00,245000000000.00,216000000000.00,226000000000.00,230000000000.00,199000000000.00,206000000000.00,221000000000.00,241000000000.00,238000000000.00
Paraguay,PRY,GDP (current US$),27215968616.00,33715524704.00,33283228891.00,38585317743.00,40276532541.00,36164068797.00,36054281572.00,39008900332.00,40384691791.00,38145288940.00
West Bank and Gaza,PSE,GDP (current US$),8913100000.00,10465400000.00,11279400000.00,12476000000.00,12715600000.00,12673000000.00,13425700000.00,14498100000.00,14615900000.00,14615900000.00
Pacific island small states,PSS,GDP (current US$),6433227567.00,7625069257.00,8096571827.00,8391851018.00,9113772923.00,8895487244.00,9313395708.00,10008508092.00,10379816021.00,10456001897.00
Post-demographic dividend,PST,GDP (current US$),42500000000000.00,45700000000000.00,45600000000000.00,46100000000000.00,47000000000000.00,44500000000000.00,45500000000000.00,47400000000000.00,50200000000000.00,50700000000000.00
French Polynesia,PYF,GDP (current US$),,,,,,,,,,
Qatar,QAT,GDP (current US$),125000000000.00,168000000000.00,187000000000.00,199000000000.00,206000000000.00,162000000000.00,152000000000.00,167000000000.00,191000000000.00,183000000000.00
Romania,ROU,GDP (current US$),166000000000.00,183000000000.00,171000000000.00,191000000000.00,200000000000.00,178000000000.00,188000000000.00,212000000000.00,242000000000.00,250000000000.00
Russian Federation,RUS,GDP (current US$),1520000000000.00,2050000000000.00,2210000000000.00,2290000000000.00,2060000000000.00,1360000000000.00,1280000000000.00,1570000000000.00,1670000000000.00,1700000000000.00
Rwanda,RWA,GDP (current US$),6147525367.00,6912074082.00,7687521844.00,7851127992.00,8279481015.00,8582588883.00,8734161828.00,9253098954.00,9627720630.00,10122472590.00
South Asia,SAS,GDP (current US$),2060000000000.00,2270000000000.00,2300000000000.00,2360000000000.00,2580000000000.00,2700000000000.00,2920000000000.00,3350000000000.00,3450000000000.00,3600000000000.00
Saudi Arabia,SAU,GDP (current US$),528000000000.00,671000000000.00,736000000000.00,747000000000.00,756000000000.00,654000000000.00,645000000000.00,689000000000.00,787000000000.00,793000000000.00
Sudan,SDN,GDP (current US$),61739815527.00,57891984840.00,52766720139.00,57730424385.00,64941775065.00,74294471279.00,51772232495.00,45379127306.00,26078607539.00,18902284476.00
Senegal,SEN,GDP (current US$),16230887978.00,17902207622.00,17824398469.00,18965572150.00,19797254643.00,17774766636.00,19040312815.00,20996564752.00,23236007428.00,23578084052.00
Singapore,SGP,GDP (current US$),240000000000.00,279000000000.00,295000000000.00,308000000000.00,315000000000.00,308000000000.00,319000000000.00,342000000000.00,373000000000.00,372000000000.00
Solomon Islands,SLB,GDP (current US$),681151193.50,932725583.30,1063879446.00,1129787198.00,1172268301.00,1154650069.00,1230459714.00,1309631133.00,1395608475.00,1425074226.00
Sierra Leone,SLE,GDP (current US$),2578026297.00,2942546781.00,3801862611.00,4920343195.00,5015157816.00,4218723875.00,3674794530.00,3739577973.00,4085114794.00,3941474311.00
El Salvador,SLV,GDP (current US$),18448000000.00,20284000000.00,21386000000.00,21990970000.00,22593480000.00,23438240000.00,24191440000.00,24979200000.00,26117400000.00,27022640000.00
San Marino,SMR,GDP (current US$),1881214371.00,1813752784.00,1604779648.00,1678841812.00,1673973695.00,1419061356.00,1468895284.00,1528468143.00,1637931034.00,1637931034.00
Somalia,SOM,GDP (current US$),,,,,,,,,,
Serbia,SRB,GDP (current US$),41819468692.00,49258136129.00,43309252921.00,48394238300.00,47062205547.00,39628549950.00,40630392019.00,44120425320.00,50597289147.00,51409167351.00
Sub-Saharan Africa (excluding high income),SSA,GDP (current US$),1370000000000.00,1550000000000.00,1620000000000.00,1730000000000.00,1810000000000.00,1650000000000.00,1520000000000.00,1620000000000.00,1700000000000.00,1740000000000.00
South Sudan,SSD,GDP (current US$),14602072411.00,14907308933.00,11931472169.00,18426469017.00,13962212847.00,11997800760.00,,,11997800760.00,11997800760.00
Sub-Saharan Africa,SSF,GDP (current US$),1380000000000.00,1560000000000.00,1630000000000.00,1740000000000.00,1830000000000.00,1670000000000.00,1540000000000.00,1640000000000.00,1710000000000.00,1760000000000.00
Small states,SST,GDP (current US$),392000000000.00,473000000000.00,493000000000.00,513000000000.00,529000000000.00,451000000000.00,443000000000.00,484000000000.00,534000000000.00,525000000000.00
Sao Tome and Principe,STP,GDP (current US$),197454066.80,233213982.90,252560781.20,302924710.00,348941715.80,318266475.30,347544772.00,375040835.10,422295934.20,429016605.20
Suriname,SUR,GDP (current US$),4368398048.00,4422276622.00,4980000000.00,5145757576.00,5240606061.00,4787367928.00,3128953537.00,3210064506.00,3458090452.00,3985250737.00
Slovak Republic,SVK,GDP (current US$),90183986822.00,98997521242.00,94416582465.00,98723944144.00,101000000000.00,88457167724.00,89640616271.00,95481955558.00,106000000000.00,105000000000.00
Slovenia,SVN,GDP (current US$),48161250935.00,51516367350.00,46580457470.00,48401896410.00,49930685013.00,43090173062.00,44651537260.00,48561672401.00,54034358544.00,53742159517.00
Sweden,SWE,GDP (current US$),496000000000.00,574000000000.00,552000000000.00,587000000000.00,582000000000.00,505000000000.00,516000000000.00,541000000000.00,555000000000.00,531000000000.00
Eswatini,SWZ,GDP (current US$),4438778547.00,4820499497.00,4886658806.00,4597702903.00,4422304975.00,4073390990.00,3840677845.00,4446248676.00,4710618470.00,4405405802.00
Sint Maarten (Dutch part),SXM,GDP (current US$),,,,,,,,,,
Seychelles,SYC,GDP (current US$),969936525.30,1065826670.00,1060226126.00,1328157609.00,1343007841.00,1377495052.00,1426651766.00,1524486801.00,1586008997.00,1698843063.00
Syrian Arab Republic,SYR,GDP (current US$),,,,,,,,,,
Turks and Caicos Islands,TCA,GDP (current US$),686787810.00,728789570.00,715722770.00,740776770.00,823968140.00,893501650.00,950357510.00,962525840.00,1022312010.00,1022312010.00
Chad,TCD,GDP (current US$),10668102735.00,12172309523.00,12367363678.00,12953535496.00,13940768066.00,10950392220.00,10097778354.00,10000395242.00,11239167048.00,11314951343.00
East Asia & Pacific (IDA & IBRD countries),TEA,GDP (current US$),7860000000000.00,9600000000000.00,10700000000000.00,11800000000000.00,12700000000000.00,13300000000000.00,13500000000000.00,14800000000000.00,16600000000000.00,17200000000000.00
Europe & Central Asia (IDA & IBRD countries),TEC,GDP (current US$),3650000000000.00,4430000000000.00,4630000000000.00,4910000000000.00,4640000000000.00,3620000000000.00,3480000000000.00,3900000000000.00,4070000000000.00,4140000000000.00
Togo,TGO,GDP (current US$),3429461495.00,3872459250.00,3873308389.00,4321655656.00,4574986537.00,4180866177.00,4486979198.00,4819949975.00,5356344850.00,5459979417.00
Thailand,THA,GDP (current US$),341000000000.00,371000000000.00,398000000000.00,420000000000.00,407000000000.00,401000000000.00,413000000000.00,456000000000.00,507000000000.00,544000000000.00
Tajikistan,TJK,GDP (current US$),5642178580.00,6522732203.00,7633049792.00,8448469838.00,9112544556.00,7854602392.00,6952678127.00,7157865188.00,7522947810.00,8116626794.00
Turkmenistan,TKM,GDP (current US$),22583157895.00,29233333333.00,35164210526.00,39197543860.00,43524210526.00,35799714286.00,36180000000.00,37926285714.00,40761142857.00,40761142857.00
Latin America & the Caribbean (IDA & IBRD countries),TLA,GDP (current US$),5150000000000.00,5880000000000.00,5940000000000.00,6080000000000.00,6200000000000.00,5290000000000.00,5160000000000.00,5750000000000.00,5570000000000.00,5470000000000.00
Timor-Leste,TLS,GDP (current US$),881825544.20,1054725857.00,1147780083.00,1395525350.00,1447312264.00,1596658767.00,1656039024.00,1609669330.00,1568611562.00,1673540300.00
Middle East & North Africa (IDA & IBRD countries),TMN,GDP (current US$),1370000000000.00,1560000000000.00,1720000000000.00,1610000000000.00,1580000000000.00,1420000000000.00,1440000000000.00,1410000000000.00,1410000000000.00,1410000000000.00
Tonga,TON,GDP (current US$),369485198.80,423011844.30,472358251.20,450686353.70,443911052.30,435438217.30,401109307.40,430174168.70,450353313.90,450353313.90
South Asia (IDA & IBRD),TSA,GDP (current US$),2060000000000.00,2270000000000.00,2300000000000.00,2360000000000.00,2580000000000.00,2700000000000.00,2920000000000.00,3350000000000.00,3450000000000.00,3600000000000.00
Sub-Saharan Africa (IDA & IBRD countries),TSS,GDP (current US$),1380000000000.00,1560000000000.00,1630000000000.00,1740000000000.00,1830000000000.00,1670000000000.00,1540000000000.00,1640000000000.00,1710000000000.00,1760000000000.00
Trinidad and Tobago,TTO,GDP (current US$),22157948396.00,25433011405.00,25763220107.00,27268478565.00,27615843098.00,25062893969.00,22284780327.00,22474828527.00,23808146748.00,24100202834.00
Tunisia,TUN,GDP (current US$),44050929160.00,45810626509.00,45044112939.00,46251061734.00,47632326088.00,43173480832.00,41801210428.00,39802430355.00,39770297329.00,38797709924.00
Turkey,TUR,GDP (current US$),772000000000.00,833000000000.00,874000000000.00,951000000000.00,934000000000.00,860000000000.00,864000000000.00,853000000000.00,771000000000.00,754000000000.00
Tuvalu,TUV,GDP (current US$),31823518.62,38711810.21,37671774.69,37509075.11,37290607.54,35492074.22,36547799.58,40619251.99,42588164.97,47271463.33
Tanzania,TZA,GDP (current US$),32014249841.00,34657139495.00,39650530214.00,45680532614.00,49964788814.00,47378599025.00,49774021003.00,53320625959.00,58001200572.00,63177068175.00
Uganda,UGA,GDP (current US$),26457287918.00,27646526402.00,27084639297.00,28681464765.00,32348119639.00,32124730771.00,28967460677.00,30756466548.00,32772824209.00,34387229486.00
Ukraine,UKR,GDP (current US$),136000000000.00,163000000000.00,176000000000.00,183000000000.00,134000000000.00,91030959455.00,93355993629.00,112000000000.00,131000000000.00,154000000000.00
Upper middle income,UMC,GDP (current US$),16200000000000.00,19400000000000.00,20800000000000.00,22000000000000.00,22700000000000.00,21300000000000.00,21300000000000.00,23600000000000.00,25300000000000.00,25800000000000.00
Uruguay,URY,GDP (current US$),40284481652.00,47962439304.00,51264390116.00,57531233351.00,57236013086.00,53274304222.00,52687612262.00,59530088536.00,59596885023.00,56045912952.00
United States,USA,GDP (current US$),15000000000000.00,15500000000000.00,16200000000000.00,16800000000000.00,17500000000000.00,18200000000000.00,18700000000000.00,19500000000000.00,20500000000000.00,21400000000000.00
Uzbekistan,UZB,GDP (current US$),46679875794.00,56516280748.00,63628854499.00,68997168338.00,76658542757.00,81847410182.00,81779012351.00,59159945321.00,50392607758.00,57921286440.00
St. Vincent and the Grenadines,VCT,GDP (current US$),681225925.90,676129629.60,692933333.30,721207407.40,727714814.80,755400000.00,774429629.60,792177777.80,811300000.00,825385185.20
"Venezuela, RB",VEN,GDP (current US$),393000000000.00,316000000000.00,381000000000.00,371000000000.00,482000000000.00,,,,482000000000.00,482000000000.00
British Virgin Islands,VGB,GDP (current US$),,,,,,,,,,
Virgin Islands (U.S.),VIR,GDP (current US$),4339000000.00,4239000000.00,4095000000.00,3762000000.00,3622000000.00,3748000000.00,3863000000.00,3855000000.00,3855000000.00,3855000000.00
Vietnam,VNM,GDP (current US$),116000000000.00,136000000000.00,156000000000.00,171000000000.00,186000000000.00,193000000000.00,205000000000.00,224000000000.00,245000000000.00,262000000000.00
Vanuatu,VUT,GDP (current US$),700804286.20,792149700.70,781702874.10,801787555.90,814954307.00,759689950.90,804332795.60,880043553.70,906050107.00,917058850.80
World,WLD,GDP (current US$),66100000000000.00,73400000000000.00,75100000000000.00,77300000000000.00,79500000000000.00,75200000000000.00,76300000000000.00,81200000000000.00,86400000000000.00,87700000000000.00
Samoa,WSM,GDP (current US$),663161517.90,737401692.20,760549587.10,770021664.00,756919917.30,788307330.60,799376439.50,831903809.70,820491817.30,850655017.20
Kosovo,XKX,GDP (current US$),5835874321.00,6701698218.00,6499807272.00,7074777527.00,7396705195.00,6442915788.00,6719172017.00,7245707185.00,7942961738.00,7926108374.00
"Yemen, Rep.",YEM,GDP (current US$),30906749533.00,32726417212.00,35401341663.00,40415235702.00,43206469767.00,36976204506.00,28084676409.00,24561327989.00,27591261663.00,27591261663.00
South Africa,ZAF,GDP (current US$),375000000000.00,416000000000.00,396000000000.00,367000000000.00,351000000000.00,318000000000.00,296000000000.00,350000000000.00,368000000000.00,351000000000.00
Zambia,ZMB,GDP (current US$),20265559484.00,23459515276.00,25503060420.00,28045512871.00,27150646909.00,21243347377.00,20954761767.00,25868142077.00,27005238896.00,23064722446.00
Zimbabwe,ZWE,GDP (current US$),12041655200.00,14101920300.00,17114849900.00,19091020000.00,19495519600.00,19963120600.00,20548678100.00,22040902300.00,24311560500.00,21440758800.00